{"train_steps_per_second":3.159,"train/loss":0.6020590591430665,"train/grad_norm":10.875,"benchmark/bge/top10_accuracy":0.7808930425752856,"_step":45,"benchmark/bge/mean_reciprocal_rank":0.15477444922082093,"_timestamp":1.7780361907135708e+09,"train/global_step":2220,"train/learning_rate":2.1021021021021025e-07,"total_flos":0,"_wandb":{"runtime":746},"benchmark/bge/top1_accuracy":0,"train_runtime":702.8172,"train_loss":0.7138098987373146,"benchmark/bge/top5_accuracy":0.6614745586708204,"train/epoch":3,"benchmark/bge/corpus_size":2742,"train_samples_per_second":202.094,"benchmark/bge/queries_evaluated":1926,"_runtime":746,"benchmark/bge/avg_positive_similarity":0.4098593805434747}