{"_runtime":5537,"train/learning_rate":7.407407407407408e-09,"_step":76,"train_steps_per_second":0.275,"benchmark/qwen/top10_accuracy":0.7704918032786885,"train/grad_norm":11.0625,"_timestamp":1.7780417419936e+09,"train/epoch":0.5069280162216965,"train/global_step":1500,"benchmark/qwen/queries_evaluated":976,"benchmark/qwen/mean_reciprocal_rank":0.15444472483160984,"train_loss":0.13100540709495545,"train/loss":0.10123618841171264,"train_samples_per_second":4.402,"benchmark/qwen/top1_accuracy":0,"benchmark/qwen/corpus_size":1388,"benchmark/qwen/top5_accuracy":0.6905737704918032,"benchmark/qwen/avg_positive_similarity":0.3950148591052237,"_wandb":{"runtime":5537},"total_flos":0,"train_runtime":5451.7486}