{"benchmark/bge/avg_positive_similarity":0.40931459874164233,"benchmark/bge/top1_accuracy":0,"train_steps_per_second":3.202,"benchmark/bge/queries_evaluated":1926,"train_loss":1.424450808513471,"_step":45,"benchmark/bge/mean_reciprocal_rank":0.15483219182935012,"_runtime":730,"train/learning_rate":1.704260651629073e-07,"benchmark/bge/corpus_size":2742,"_wandb":{"runtime":730},"train/grad_norm":14.9375,"benchmark/bge/top5_accuracy":0.6599169262720664,"benchmark/bge/top10_accuracy":0.7824506749740394,"_timestamp":1.778033607487593e+09,"train/global_step":2217,"train/loss":1.2231,"train/epoch":2.997971602434077,"total_flos":0,"train_samples_per_second":205.142,"train_runtime":692.3728}